{
  "model_id": "EleutherAI/pythia-1b",
  "steps": [
    0,
    1000,
    2000,
    3000,
    4000,
    5000,
    6000,
    7000,
    8000,
    9000,
    10000,
    11000,
    12000,
    13000,
    14000,
    15000
  ],
  "input_vs_init": [
    1.0,
    0.9221239686012268,
    0.7755458354949951,
    0.6778194904327393,
    0.6076492071151733,
    0.5538860559463501,
    0.5110132694244385,
    0.47571074962615967,
    0.44604048132896423,
    0.4206050932407379,
    0.39851319789886475,
    0.37911754846572876,
    0.36187729239463806,
    0.34644615650177,
    0.3325163424015045,
    0.3198815584182739
  ],
  "output_vs_init": [
    1.0,
    0.7872198224067688,
    0.6104125380516052,
    0.5171167850494385,
    0.4536299705505371,
    0.4055125415325165,
    0.36739614605903625,
    0.3364521861076355,
    0.3108347952365875,
    0.2892776429653168,
    0.27094003558158875,
    0.255142480134964,
    0.24146044254302979,
    0.2294597029685974,
    0.21893496811389923,
    0.20958074927330017
  ],
  "input_consecutive": [
    1.0,
    0.9221239686012268,
    0.9013318419456482,
    0.9420347213745117,
    0.9571809768676758,
    0.9637280106544495,
    0.9677180051803589,
    0.9704445600509644,
    0.9725505709648132,
    0.9740421772003174,
    0.9755287766456604,
    0.9767263531684875,
    0.9777030944824219,
    0.978552520275116,
    0.9792982339859009,
    0.9799747467041016
  ],
  "output_consecutive": [
    1.0,
    0.7872198224067688,
    0.8902313113212585,
    0.9523643255233765,
    0.969758927822113,
    0.9761929512023926,
    0.9795110821723938,
    0.9815223217010498,
    0.9828650951385498,
    0.9838286638259888,
    0.9845852851867676,
    0.985184907913208,
    0.985680341720581,
    0.9861019849777222,
    0.9864600300788879,
    0.986775279045105
  ]
}