{
  "model_id": "allenai/OLMo-1B-0724-hf",
  "steps": [
    0,
    2000,
    4000,
    6000,
    8000,
    10000,
    12000,
    14000,
    16000,
    18000,
    20000
  ],
  "input_vs_init": [
    1.0,
    0.9906484484672546,
    0.9781404137611389,
    0.963022768497467,
    0.9496273398399353,
    0.9369584321975708,
    0.9240853190422058,
    0.9106965065002441,
    0.8965407013893127,
    0.8816078901290894,
    0.8654279708862305
  ],
  "output_vs_init": [
    1.0,
    0.9583247900009155,
    0.9013736844062805,
    0.8393011093139648,
    0.7864602208137512,
    0.740401029586792,
    0.6987288594245911,
    0.6604512333869934,
    0.624910295009613,
    0.5918235778808594,
    0.5609322786331177
  ],
  "input_consecutive": [
    1.0,
    0.9906484484672546,
    0.9940614700317383,
    0.9950253367424011,
    0.9965981245040894,
    0.9971415996551514,
    0.9971944093704224,
    0.9970481991767883,
    0.9967519640922546,
    0.9964928030967712,
    0.996055543422699
  ],
  "output_consecutive": [
    1.0,
    0.9583247900009155,
    0.97650146484375,
    0.9829793572425842,
    0.9901328682899475,
    0.9932399988174438,
    0.9947055578231812,
    0.9955506324768066,
    0.9960821270942688,
    0.9964576363563538,
    0.9967294931411743
  ]
}