{
  "model_id": "allenai/OLMo-7B-0424-hf",
  "steps": [
    0,
    10000,
    20000,
    30000,
    40000,
    50000
  ],
  "input_vs_init": [
    1.0,
    0.9645639061927795,
    0.9342218637466431,
    0.8928902745246887,
    0.833304226398468,
    0.7517504692077637
  ],
  "output_vs_init": [
    1.0,
    0.7720591425895691,
    0.6289908289909363,
    0.5183471441268921,
    0.43270403146743774,
    0.3664652407169342
  ],
  "input_consecutive": [
    1.0,
    0.9645639061927795,
    0.9893893599510193,
    0.9876019954681396,
    0.9825229644775391,
    0.9736921191215515
  ],
  "output_consecutive": [
    1.0,
    0.7720591425895691,
    0.9549776315689087,
    0.9765127301216125,
    0.9847040772438049,
    0.9887943863868713
  ]
}